,loss,accuracy,val_loss,val_accuracy
0,4.426664352416992,0.908855140209198,4.379734039306641,0.9089730381965637
1,4.350790023803711,0.9106304049491882,4.369179725646973,0.9110620021820068
